Date,Open,High,Low,Close,Adj Close,Volume
2016-01-11,114800,120400,114100,114700,114338.5938,547708
2016-01-12,116000,118800,115500,116400,116033.2344,380917
2016-01-13,117600,120500,117500,119800,119422.5156,565479
2016-01-14,118600,119400,117700,118900,118525.3516,285578
2016-01-15,120000,120200,118000,118700,118325.9844,257682
2016-01-18,117200,118000,115200,116200,115833.8594,413388
2016-01-19,115900,116000,111300,114100,113740.4766,565343
2016-01-20,114300,114300,111600,112100,111746.7734,291592
2016-01-21,111600,112000,110500,111000,110650.25,327327
2016-01-22,111100,113800,111000,112800,112444.5703,243916
2016-01-25,113000,114100,112100,113100,112743.625,204406
2016-01-26,113000,113500,111700,112400,112045.8281,153600
2016-01-27,113000,113400,108600,109200,108855.9219,535449
2016-01-28,109700,109900,107700,109500,109154.9688,246640
2016-01-29,110000,110600,108700,109300,108955.6016,246942
2016-02-01,110100,110800,109100,109800,109454.0234,192405
2016-02-02,110000,110400,108700,108700,108357.4922,227072
2016-02-03,107900,109700,107900,109200,108855.9219,220630
2016-02-04,109200,109900,108700,109300,108955.6016,145694
2016-02-05,108200,112100,107300,108900,108556.8672,372885
2016-02-11,104500,104900,100700,100700,100382.7031,736337
2016-02-12,99000,100400,92700,92800,92507.59375,986206
2016-02-15,93100,95000,90600,92300,92009.16406,711070
2016-02-16,93600,95400,92800,94300,94002.86719,384215
2016-02-17,93600,95100,92100,92100,91809.80469,382889
2016-02-18,94300,94600,92300,92400,92108.85156,386095
2016-02-19,91500,93400,91500,92600,92308.21875,300078
2016-02-22,93000,93400,91500,92400,92108.85156,285597
2016-02-23,93000,97500,92900,96400,96096.25,725979
2016-02-24,96000,96100,94200,95000,94700.66406,350932
2016-02-25,95900,96800,93400,94500,94202.24219,295384
2016-02-26,94600,95300,94000,94100,93803.5,177571
2016-02-29,95100,95500,94000,94900,94600.97656,213161
2016-03-02,95800,97600,95100,97400,97093.10156,416215
2016-03-03,97400,101900,96300,101500,101180.1797,633883
2016-03-04,102400,104600,101300,103800,103472.9297,562840
2016-03-07,104100,107000,104100,105900,105566.3203,564062
2016-03-08,106600,107200,104500,106200,105865.375,341742
2016-03-09,106000,108500,105100,107800,107460.3281,339001
2016-03-10,107500,111900,107400,110100,109753.0781,620453
2016-03-11,110000,111900,108800,111200,110849.6172,380648
2016-03-14,112000,113300,111700,112600,112245.2031,343606
2016-03-15,112600,113000,110400,111400,111048.9844,312098
2016-03-16,111400,112500,108700,109600,109254.6563,389061
2016-03-17,111300,112500,110800,112300,111946.1484,284988
2016-03-18,113100,113400,111500,112200,111846.4609,198312
2016-03-21,112200,112200,107700,109700,109354.3359,380718
2016-03-22,108300,109600,106500,109500,109154.9688,384549
2016-03-23,108500,110000,106600,106600,106264.1094,340552
2016-03-24,106600,107600,106300,107000,106662.8438,140530
2016-03-25,106500,107000,102000,102700,102376.3984,455121
2016-03-28,101700,102800,100300,100800,100482.3828,383688
2016-03-29,100800,101900,99900,100400,100083.6484,316286
2016-03-30,100400,101800,99900,100100,99784.59375,350996
2016-03-31,100400,100500,98500,99200,98887.42969,561169
2016-04-01,99600,103500,99500,101800,101479.2344,366275
2016-04-04,99300,100400,98000,99300,98987.10938,478190
2016-04-05,99300,99600,96500,96500,96195.9375,498991
2016-04-06,96800,97500,96000,96800,96494.99219,321259
2016-04-07,97000,98700,97000,98400,98089.94531,224112
2016-04-08,97500,98800,96800,98800,98488.6875,209609
2016-04-11,99500,99800,97600,97800,97491.84375,200950
2016-04-12,99100,101900,99100,100400,100083.6484,462246
2016-04-14,102800,102800,100300,100300,99983.96094,363868
2016-04-15,101100,101900,100400,101200,100881.125,180592
2016-04-18,101400,102500,100600,102200,101877.9766,261253
2016-04-19,102100,102600,101600,102500,102177.0313,220187
2016-04-20,102000,103800,102000,103100,102775.1406,252591
2016-04-21,103500,103700,101200,101500,101180.1797,196377
2016-04-22,101500,101500,99500,99600,99286.16406,266347
2016-04-25,100400,104300,100000,104300,103971.3516,400201
2016-04-26,105600,105700,101600,101600,101279.8594,345534
2016-04-27,102500,103000,101300,102400,102077.3438,167047
2016-04-28,103500,103500,100400,100500,100183.3359,245294
2016-04-29,100000,100500,99500,100500,100183.3359,144488
2016-05-02,99500,100300,99400,99600,99286.16406,129817
2016-05-03,99600,100700,99600,99800,99485.53906,110400
2016-05-04,100100,100700,99700,100000,99684.90625,134988
2016-05-09,99700,102300,99700,101700,101379.5469,251719
2016-05-10,101900,102200,99900,100600,100283.0156,208613
2016-05-11,101500,106300,100800,105700,105366.9453,719902
2016-05-12,104300,107900,104000,106300,105965.0625,559362
2016-05-13,105700,105900,103300,103800,103472.9297,260861
2016-05-16,103100,106200,102400,105400,105067.8906,244587
2016-05-17,104500,106200,104100,105100,104768.8359,199833
2016-05-18,104100,104900,103100,104500,104170.7266,207110
2016-05-19,104600,105300,99800,100300,99983.96094,396406
2016-05-20,99900,100500,98500,99300,98987.10938,322346
2016-05-23,100200,101700,100000,100200,99884.28125,171336
2016-05-24,100200,100700,99200,99200,98887.42969,172022
2016-05-25,99400,100500,99200,99600,99286.16406,232780
2016-05-26,99700,100300,98900,99700,99385.85156,185523
2016-05-27,100400,101200,99900,100600,100283.0156,201380
2016-05-30,101600,103500,101300,102800,102476.0859,353802
2016-05-31,102800,103500,102000,102800,102476.0859,332493
2016-06-01,102900,103000,98100,98500,98189.63281,1011274
2016-06-02,99000,99300,96300,97500,97192.78906,556790
2016-06-03,97000,98600,96900,98000,97691.20313,321939
2016-06-07,97900,98600,97100,98200,97890.57813,278467
2016-06-08,97400,98400,96900,97000,96694.35938,330359
2016-06-09,97400,97500,94400,95200,94900.02344,870266
2016-06-10,95500,96100,94600,94900,94600.97656,394023
2016-06-13,94200,94500,93500,93800,93504.44531,262900
2016-06-14,93000,95200,93000,94100,93803.5,282122
2016-06-15,93900,94000,92800,92800,92507.59375,248917
2016-06-16,93000,93800,90900,91200,90912.63281,347392
2016-06-17,91700,92400,90700,91300,91012.32031,253700
2016-06-20,91500,94900,91500,94900,94600.97656,301386
2016-06-21,95200,95700,93600,93800,93504.44531,184809
2016-06-22,93300,94700,93300,94200,93903.17969,139412
2016-06-23,93800,94000,92900,93200,92906.32813,186812
2016-06-24,94500,94600,88300,91200,90912.63281,713158
2016-06-27,88700,91800,88700,91600,91311.375,322279
2016-06-28,91000,92600,90900,91200,90912.63281,277899
2016-06-29,92200,93300,92200,92200,91909.48438,237550
2016-06-30,93100,93700,92700,93100,92806.64844,163504
2016-07-01,93600,95300,93500,94700,94401.60938,280867
2016-07-04,95200,95500,93700,93800,93504.44531,190799
2016-07-05,93600,94300,92900,93300,93006.01563,187924
2016-07-06,93800,94900,92600,94700,94401.60938,271543
2016-07-07,94800,95700,94700,95000,94700.66406,194706
2016-07-08,94000,94300,93400,93700,93404.75781,224800
2016-07-11,94200,95000,93600,95000,94700.66406,184007
2016-07-12,95100,95700,95000,95500,95199.08594,248311
2016-07-13,96000,96200,94200,94500,94202.24219,229034
2016-07-14,95000,95000,94000,94800,94501.29688,149363
2016-07-15,95000,95400,94300,94300,94002.86719,197554
2016-07-18,94300,94500,93100,93200,92906.32813,198412
2016-07-19,93000,93900,93000,93500,93205.39063,131218
2016-07-20,93600,94600,93300,93500,93205.39063,129539
2016-07-21,94100,94300,92700,92700,92407.90625,183072
2016-07-22,92700,94100,92700,92700,92407.90625,188337
2016-07-25,93100,93200,92100,92200,91909.48438,176203
2016-07-26,92600,92600,91400,91500,91211.6875,223967
2016-07-27,91200,92300,91100,91200,90912.63281,192058
2016-07-28,91400,92000,90700,91600,91311.375,220576
2016-07-29,91500,91600,90900,90900,90613.57813,236131
2016-08-01,91500,91600,90600,91000,90713.26563,234983
2016-08-02,91000,91300,90800,91000,90713.26563,122894
2016-08-03,90700,94200,90600,93900,93604.125,416577
2016-08-04,93800,93800,92300,92300,92009.16406,266692
2016-08-05,92800,93600,92000,92100,91809.80469,209258
2016-08-08,92700,92700,91200,91500,91211.6875,198686
2016-08-09,91900,93000,91600,92900,92607.27344,288342
2016-08-10,93400,93400,92600,92700,92407.90625,298220
2016-08-11,93600,94300,91200,91300,91012.32031,459030
2016-08-12,91400,91500,89200,89500,89217.98438,762281
2016-08-16,89600,89800,88600,88600,88320.82813,381711
2016-08-17,88600,89300,88000,88000,87722.71875,342989
2016-08-18,88000,88500,86600,86700,86426.8125,433201
2016-08-19,86500,86700,84600,84700,84433.11719,602877
2016-08-22,84500,84700,82700,82700,82439.42188,449238
2016-08-23,82000,83900,80200,80500,80246.35156,861917
2016-08-24,81100,83100,80700,82500,82240.04688,696481
2016-08-25,82100,83000,81000,81000,80744.77344,346409
2016-08-26,80500,81500,80500,81000,80744.77344,255043
2016-08-29,80800,80900,79300,79300,79050.13281,478825
2016-08-30,79500,80800,79400,80000,79747.92969,293565
2016-08-31,80000,81300,79700,81300,81043.82813,342533
2016-09-01,81300,82200,80800,82100,81841.30469,334011
2016-09-02,81500,82000,80900,81000,80744.77344,270384
2016-09-05,81200,82200,80900,81000,80744.77344,263587
2016-09-06,81400,82100,80900,81200,80944.14063,219973
2016-09-07,80600,80700,79600,80000,79747.92969,269047
2016-09-08,80100,81800,80100,81800,81542.25,296809
2016-09-09,80900,81400,80400,80600,80346.03906,258472
2016-09-12,80000,80400,79300,79900,79648.24219,175099
2016-09-13,80000,80600,79900,80500,80246.35156,167806
2016-09-19,80100,80600,79900,80500,80246.35156,153998
2016-09-20,80700,83500,80600,82200,81940.99219,493052
2016-09-21,82000,82500,81200,82300,82040.67969,196029
2016-09-22,83000,84700,82400,84500,84233.74219,371860
2016-09-23,84200,84500,83300,83600,83336.58594,265218
2016-09-26,83200,83300,82300,82600,82339.73438,176917
2016-09-27,82400,84100,81900,83600,83336.58594,163326
2016-09-28,83400,83600,82400,82800,82539.10156,166639
2016-09-29,82700,82900,82000,82700,82439.42188,236280
2016-09-30,83300,84200,81700,81800,81542.25,380670
2016-10-04,81700,82700,81200,81200,80944.14063,351455
2016-10-05,82000,85500,81800,85500,85230.59375,728681
2016-10-06,85200,86300,84100,85300,85031.22656,388287
2016-10-07,85100,85400,83300,83400,83137.21094,242697
2016-10-10,83200,83700,82500,82600,82339.73438,144551
2016-10-11,82700,82900,81500,81500,81243.19531,257663
2016-10-12,81500,81500,79000,80200,79947.29688,534287
2016-10-13,80400,80500,79300,79300,79050.13281,203778
2016-10-14,79300,79800,79000,79300,79050.13281,148730
2016-10-17,79500,81000,79500,80500,80246.35156,160442
2016-10-18,80300,80800,79700,80800,80545.40625,169592
2016-10-19,81000,82200,80400,81700,81442.57031,246435
2016-10-20,82100,82900,81000,81000,80744.77344,278568
2016-10-21,81600,81700,80400,80600,80346.03906,192255
2016-10-24,81700,81700,80500,80700,80445.71875,150118
2016-10-25,80300,82700,80300,82300,82040.67969,305185
2016-10-26,82400,82500,80400,80900,80645.08594,189596
2016-10-27,80900,81800,80800,81300,81043.82813,123235
2016-10-28,80900,81100,79600,79600,79349.1875,299652
2016-10-31,79600,79900,76400,76400,76159.26563,498234
2016-11-01,75600,76600,74000,74600,74364.94531,388432
2016-11-02,74000,74500,71300,71300,71075.33594,640159
2016-11-03,70400,72600,70300,71400,71175.02344,383722
2016-11-04,71200,74000,71200,73200,72969.35156,280780
2016-11-07,73200,74200,73100,73700,73467.77344,155971
2016-11-08,74300,74500,73800,74300,74065.88281,143280
2016-11-09,74300,74600,69900,71300,71075.33594,529993
2016-11-10,75300,79900,75200,79700,79448.86719,1182920
2016-11-11,79800,79800,76900,77800,77554.85938,433329
2016-11-14,77800,78200,75800,75800,75561.15625,261019
2016-11-15,75600,77100,75300,76000,75760.52344,186400
2016-11-16,76500,80500,76500,80300,80046.98438,566246
2016-11-17,80600,81100,79500,81000,80744.77344,239572
2016-11-18,80600,81800,80000,80700,80445.71875,281422
2016-11-21,80400,80500,78300,79000,78751.07813,186638
2016-11-22,79000,82000,79000,81800,81542.25,345344
2016-11-23,81800,82400,80600,81900,81641.9375,273571
2016-11-24,81700,82000,80400,80700,80445.71875,173751
2016-11-25,80700,81600,80300,81300,81043.82813,169643
2016-11-28,81400,81400,79100,79400,79149.8125,213000
2016-11-29,79600,81100,79100,79800,79548.55469,193718
2016-11-30,79500,79900,77700,77700,77455.17188,255953
2016-12-01,77300,78700,76700,76700,76458.32031,188500
2016-12-02,76700,77200,75200,75300,75062.73438,189997
2016-12-05,74700,76800,74300,74700,74464.625,192995
2016-12-06,75500,76200,74700,75100,74863.36719,133357
2016-12-07,74800,75600,74800,75100,74863.36719,115644
2016-12-08,75900,77200,75400,76300,76059.58594,200443
2016-12-09,76300,79400,76000,79400,79149.8125,300441
2016-12-12,80000,80600,78700,79600,79349.1875,314933
2016-12-13,79600,79800,78400,79200,78950.44531,191517
2016-12-14,79900,81000,78700,78700,78452.01563,281848
2016-12-15,78700,79300,77300,78100,77853.90625,179990
2016-12-16,78300,78400,77400,77500,77255.80469,141183
2016-12-19,77700,79300,77700,78200,77953.59375,151456
2016-12-20,78300,79100,76900,76900,76657.69531,175499
2016-12-21,77400,77400,76100,76100,75860.21094,207737
2016-12-22,76500,76900,74800,74800,74564.3125,276108
2016-12-23,75500,75900,74500,75000,74763.67969,267841
2016-12-26,75000,75800,75000,75100,74863.36719,132251
2016-12-27,75500,75600,74600,74800,74564.3125,236974
2016-12-28,75000,75900,74700,75500,75411.3125,201595
2016-12-29,75700,77000,75300,77000,76909.55469,201605
2017-01-02,77400,77600,76600,76700,76609.90625,143140
2017-01-03,77200,80000,77000,80000,79906.03125,445180
2017-01-04,80400,85100,80300,84300,84200.97656,1224395
2017-01-05,85000,86000,84000,84000,83901.32813,611713
2017-01-06,84400,84500,82200,83700,83601.67969,410880
2017-01-09,84200,84500,82500,82800,82702.74219,236036
2017-01-10,82600,83500,81500,82000,81903.67969,329302
2017-01-11,82000,83700,81600,83200,83102.27344,270488
2017-01-12,83500,83700,81900,81900,81803.79688,251638
2017-01-13,81900,84400,81600,83900,83801.44531,480932
2017-01-16,84400,84500,82400,82600,82502.97656,204539
2017-01-17,82600,83400,81400,81900,81803.79688,229108
2017-01-18,82200,82600,80300,81100,81004.73438,185724
2017-01-19,80700,82300,80500,82300,82203.32813,246388
2017-01-20,81800,82200,80300,80400,80305.5625,285281
2017-01-23,80000,80300,78400,79000,78907.20313,338781
2017-01-24,79500,79700,78800,78800,78707.4375,179068
2017-01-25,78300,79200,76100,76100,76010.60938,557017
2017-01-26,76200,77700,76200,77100,77009.4375,316390
2017-01-31,77200,79300,76900,77700,77608.73438,260779
2017-02-01,78200,78900,78000,78400,78307.90625,197510
2017-02-02,79100,80000,77600,77700,77608.73438,285670
2017-02-03,78000,78500,77500,78000,77908.38281,178240
2017-02-06,78100,78500,77000,77300,77209.20313,169147
2017-02-07,77000,79100,77000,78300,78208.02344,173244
2017-02-08,78800,79800,77800,79800,79706.26563,269292
2017-02-09,81700,85700,81300,85400,85299.6875,1550608
2017-02-10,85300,86300,84100,85100,85000.03906,792741
2017-02-13,85400,85500,83700,84100,84001.21094,397630
2017-02-14,84000,85300,83000,84900,84800.27344,427851
2017-02-15,85100,85600,84100,84900,84800.27344,321230
2017-02-16,84600,84800,82200,82400,82303.21094,569723
2017-02-17,82400,85300,82400,84700,84600.50781,563691
2017-02-20,84400,85300,83600,84800,84700.39063,294768
2017-02-21,85700,89100,85700,88400,88296.16406,1573781
2017-02-22,88600,90200,88200,89500,89394.86719,1034489
2017-02-23,89100,89500,87600,87900,87796.75,507957
2017-02-24,88500,89600,87600,88100,87996.51563,369669
2017-02-27,87500,87900,85700,85800,85699.21875,330736
2017-02-28,86500,86800,84900,85400,85299.6875,444304
2017-03-02,86000,86100,84500,85300,85199.80469,354383
2017-03-03,85000,86500,84400,85800,85699.21875,396672
2017-03-06,85000,85700,83600,83800,83701.5625,382382
2017-03-07,83600,84300,82600,83700,83601.67969,277748
2017-03-08,84200,84300,82700,83000,82902.50781,286714
2017-03-09,83500,84900,82800,82800,82702.74219,350630
2017-03-10,83500,85800,81600,85300,85199.80469,501305
2017-03-13,85400,85500,84000,84800,84700.39063,341028
2017-03-14,84600,84800,82600,83500,83401.92188,625453
2017-03-15,83600,83800,82000,82200,82103.44531,317640
2017-03-16,82900,83800,81500,83800,83701.5625,469582
2017-03-17,83800,84100,83200,84000,83901.32813,221183
2017-03-20,84700,85200,82500,84900,84800.27344,506090
2017-03-21,85000,86200,84300,86100,85998.86719,515560
2017-03-22,85500,86700,84700,86600,86498.27344,476268
2017-03-23,86700,86700,85400,85900,85799.10156,310710
2017-03-24,86200,86200,83100,84100,84001.21094,537901
2017-03-27,83400,84200,82800,82900,82802.625,319059
2017-03-28,83300,84000,82400,83200,83102.27344,346230
2017-03-29,84000,84100,82900,83800,83701.5625,245176
2017-03-30,84100,84100,82700,82800,82702.74219,230451
2017-03-31,83500,83700,82700,83100,83002.39063,179689
2017-04-03,83500,87000,83400,87000,86897.80469,862856
2017-04-04,87500,87600,85700,85700,85599.33594,1954434
2017-04-05,86800,88700,85600,85900,85799.10156,1526823
2017-04-06,84500,85000,83300,84500,84400.74219,3843443
2017-04-07,85300,87100,84900,86600,86498.27344,1424420
2017-04-10,87100,87100,84200,84900,84800.27344,819880
2017-04-11,84700,86200,84100,85700,85599.33594,750110
2017-04-12,85700,86200,85100,85900,85799.10156,465429
2017-04-13,85700,88500,85600,88000,87896.63281,1362238
2017-04-14,87800,90200,87500,88800,88695.69531,1146797
2017-04-17,90000,90300,88400,89100,88995.34375,747833
2017-04-18,89100,89800,88000,88200,88096.39844,539494
2017-04-19,87000,88600,86500,87200,87097.57031,686885
2017-04-20,88900,91100,88200,90800,90693.34375,1559946
2017-04-21,91700,91900,89600,90000,89894.28125,860895
2017-04-24,90600,91500,89300,90200,90094.04688,609794
2017-04-25,90700,90800,89600,90800,90693.34375,512570
2017-04-26,91800,94100,91400,92600,92491.22656,1219425
2017-04-27,93000,93000,91200,91400,91292.64063,487452
2017-04-28,91700,92300,89300,90400,90293.8125,597202
2017-05-02,91500,92800,91000,92600,92491.22656,547726
2017-05-04,93800,94900,93200,94000,93889.58594,641966
2017-05-08,94200,95000,93400,95000,94888.41406,606290
2017-05-10,95800,95800,93600,94000,93889.58594,591255
2017-05-11,95800,96000,94800,95200,95088.17188,742959
2017-05-12,95700,95800,94500,95800,95687.46875,456417
2017-05-15,95800,96300,93500,93800,93689.82031,637232
2017-05-16,94500,95400,94100,95200,95088.17188,523113
2017-05-17,95500,95600,94200,95200,95088.17188,367716
2017-05-18,94000,95500,93800,95200,95088.17188,494101
2017-05-19,95500,98400,95500,98000,97884.88281,864141
2017-05-22,99000,99500,97700,99500,99383.125,586072
2017-05-23,99600,99800,98500,99000,98883.71094,441606
2017-05-24,98900,99500,98200,99500,99383.125,365620
2017-05-25,99900,99900,98600,98600,98484.17969,373447
2017-05-26,99200,101000,99100,99700,99582.89063,495326
2017-05-29,100200,100200,99100,99200,99083.47656,382156
2017-05-30,99500,99700,98000,98100,97984.76563,452940
2017-05-31,98200,99400,98200,98800,98683.94531,543164
2017-06-01,99000,99400,98200,98800,98683.94531,268742
2017-06-02,99200,100900,99200,100800,100681.5938,602328
2017-06-05,101500,104600,101200,104500,104377.25,840185
2017-06-07,105000,108300,104200,108000,107873.1406,1018606
2017-06-08,108800,110100,106700,108500,108372.5547,993097
2017-06-09,108500,110000,107900,109800,109671.0234,589751
2017-06-12,107000,107800,103400,105000,104876.6641,1280193
2017-06-13,106200,107500,105500,106900,106774.4297,655263
2017-06-14,108100,108400,105000,106400,106275.0156,675374
2017-06-15,106700,106900,104800,105500,105376.0781,418961
2017-06-16,105300,105400,102100,102900,102779.1328,945380
2017-06-19,102400,104500,102400,103800,103678.0703,395315
2017-06-20,104900,105000,101100,101500,101380.7734,557636
2017-06-21,100200,100300,98000,98800,98683.94531,953598
2017-06-22,99800,99900,97100,98000,97884.88281,552636
2017-06-23,97800,101500,97500,101500,101380.7734,540430
2017-06-26,101700,102100,99700,100200,100082.3047,388658
2017-06-27,100700,104400,100400,103800,103678.0703,729641
2017-06-28,102200,103000,100500,100800,100681.5938,418589
2017-06-29,102400,102700,100800,101500,101380.7734,254580
2017-06-30,100300,103300,100300,101500,101380.7734,321295
2017-07-03,102400,102700,99100,99400,99283.24219,466365
2017-07-04,99900,100500,98000,98300,98184.53125,436397
2017-07-05,98500,102600,98500,102500,102379.6016,596647
2017-07-06,103300,105900,103200,104100,103977.7188,707536
2017-07-07,103500,103700,100200,101600,101480.6563,996796
2017-07-10,102500,103500,101000,102000,101880.1875,356174
2017-07-11,102500,102500,99700,100500,100381.9531,352591
2017-07-12,98500,99900,97600,98500,98384.29688,621240
2017-07-13,99200,100500,98500,99900,99782.65625,318819
2017-07-14,100500,101500,99000,99000,98883.71094,197097
2017-07-17,99200,101000,99200,100500,100381.9531,211816
2017-07-18,101500,104500,101000,103500,103378.4297,701273
2017-07-19,105000,106000,103500,105000,104876.6641,444737
2017-07-20,106000,106500,105000,105000,104876.6641,347492
2017-07-21,105500,108000,105000,108000,107873.1406,595184
2017-07-24,108500,110500,107000,109000,108871.9688,628757
2017-07-25,109500,110000,107000,107500,107373.7266,324849
2017-07-26,108000,108500,104000,105500,105376.0781,467047
2017-07-27,107500,109500,106000,109500,109371.375,755654
2017-07-28,112500,114000,109500,111000,110869.6172,1687002
2017-07-31,113500,121000,112500,120000,119859.0469,3120156
2017-08-01,121500,124500,117000,118000,117861.3906,2508504
2017-08-02,113500,116500,110500,114500,114365.5078,2152274
2017-08-03,116500,117000,112500,114500,114365.5078,1007302
2017-08-04,113500,115500,110000,110500,110370.2031,941027
2017-08-07,111000,112500,108000,110500,110370.2031,678083
2017-08-08,110500,113500,110500,111000,110869.6172,478659
2017-08-09,111000,111500,107500,108500,108372.5547,623624
2017-08-10,110000,111500,107000,108500,108372.5547,790214
2017-08-11,107500,110500,106500,110000,109870.7891,783638
2017-08-14,112500,114000,111000,113000,112867.2656,705373
2017-08-16,114500,115000,113500,114500,114365.5078,545437
2017-08-17,115500,116000,113500,114500,114365.5078,359227
2017-08-18,113000,115000,112500,113500,113366.6797,353415
2017-08-21,114000,115000,113000,114000,113866.0938,257439
2017-08-22,114500,116500,113000,115500,115364.3281,434151
2017-08-23,116500,116500,114500,115000,114864.9141,284841
2017-08-24,115500,118500,115500,116500,116363.1563,494534
2017-08-25,117500,118500,116500,117500,117361.9844,411686
2017-08-28,118000,118500,116500,118000,117861.3906,298415
2017-08-29,117000,120000,116500,119000,118860.2188,679797
2017-08-30,122500,125000,122000,122000,121856.6953,1279951
2017-08-31,123000,124500,122000,123000,122855.5234,615126
2017-09-01,123000,123000,120000,122000,121856.6953,509704
2017-09-04,122000,122000,122000,122000,121856.6953,0
2017-09-05,121500,126000,120500,125500,125352.5859,1049572
2017-09-06,126000,129000,125000,128000,127849.6484,1081421
2017-09-07,128000,129000,126500,127000,126850.8203,635882
2017-09-08,128000,130000,127500,129500,129347.8828,654931
2017-09-11,130000,132000,129500,130500,130346.7109,664143
2017-09-12,130500,131000,128500,130500,130346.7109,640335
2017-09-13,130000,130000,127000,127500,127350.2344,972020
2017-09-14,129000,133000,128500,132000,131844.9531,2492580
2017-09-15,132500,136000,131000,135500,135340.8438,1146819
2017-09-18,136500,137500,135000,135500,135340.8438,718173
2017-09-19,135000,137000,132000,137000,136839.0781,646410
2017-09-20,138000,144000,138000,142500,142332.6094,1321516
2017-09-21,144000,144500,139500,142000,141833.2031,815469
2017-09-25,136000,140500,134000,138500,138337.3125,693111
2017-09-26,138500,138500,138500,138500,138337.3125,0
2017-09-27,141500,142000,139500,140500,140334.9688,457782
2017-09-28,140500,141000,139000,139500,139336.1406,320185
2017-09-29,140500,145000,139500,144000,143830.8594,750550
2017-10-10,147000,149500,145500,149000,148824.9844,837504
2017-10-11,149500,151500,148000,150500,150323.2188,523485
2017-10-12,151500,159500,151000,159500,159312.6406,1304122
2017-10-13,160000,168000,151500,152500,152320.875,2543079
2017-10-16,150500,157000,146000,156000,155816.7656,1723984
2017-10-17,157000,159000,153000,157500,157315,719696
2017-10-18,156500,156500,147500,148500,148325.5625,1640427
2017-10-19,149000,151500,145000,147000,146827.3281,1065448
2017-10-20,149000,151500,148000,150000,149823.8125,667108
2017-10-23,149000,151500,147500,151000,150822.625,565904
2017-10-24,151000,153000,150000,150000,149823.8125,467080
2017-10-25,151500,152000,145000,146000,145828.5,768872
2017-10-26,145500,145500,139000,140000,139835.5469,1893626
2017-10-27,139500,143500,136500,143500,143331.4375,1032642
2017-10-30,144000,146500,140500,142000,141833.2031,652066
2017-10-31,143000,146000,142500,144000,143830.8594,465396
2017-11-01,145000,151500,143000,151000,150822.625,1022580
2017-11-02,152500,153000,149000,150000,149823.8125,506579
2017-11-03,151000,153000,146500,152500,152320.875,627354
2017-11-06,153500,154000,151500,153000,152820.2813,497572
2017-11-07,153500,155000,152000,154000,153819.1094,482499
2017-11-08,154500,158000,154000,157500,157315,821591
2017-11-09,159500,162500,149500,152500,152320.875,1633218
2017-11-10,151000,156000,150000,152500,152320.875,737490
2017-11-13,153000,155500,152000,154000,153819.1094,604366
2017-11-14,154000,156000,152500,155000,154817.9375,516918
2017-11-15,155500,156000,153500,154000,153819.1094,491354
2017-11-17,155500,159500,154500,157500,157315,718319
2017-11-20,158500,161000,158000,160000,159812.0625,714306
2017-11-21,161500,166000,160000,161000,160810.8906,1244207
2017-11-22,161000,161500,153000,154500,154318.5156,4520630
2017-11-24,150000,153500,146500,148000,147826.1563,1274472
2017-11-27,147500,151000,147000,147500,147326.75,771973
2017-11-28,147500,148000,145000,145500,145329.0938,651234
2017-11-29,146000,146500,142000,145000,144829.6719,1022981
2017-11-30,145000,145500,135000,136500,136339.6563,1808464
2017-12-01,136500,141000,136500,140000,139835.5469,867012
2017-12-04,140500,143000,138500,139500,139336.1406,481190
2017-12-05,139000,141000,134000,140500,140334.9688,779716
2017-12-06,139500,143000,138000,138000,137837.9063,470275
2017-12-07,138000,139000,133000,135500,135340.8438,813930
2017-12-08,137000,140500,137000,138500,138337.3125,565316
2017-12-11,140500,140500,138000,140000,139835.5469,284302
2017-12-12,139500,143500,138000,141000,140834.375,445846
2017-12-13,141000,142000,138500,141000,140834.375,283499
2017-12-14,142000,145000,142000,144000,143830.8594,639895
2017-12-15,144500,145000,142000,142500,142332.6094,345053
2017-12-18,138000,139500,133500,134500,134342.0156,1462446
2017-12-19,133500,136500,131500,135500,135340.8438,681961
2017-12-21,134000,134000,129000,129000,128848.4766,717635
2017-12-22,128000,130500,126500,129500,129347.8828,586870
2017-12-26,130500,130500,125000,126000,125852,737536
2017-12-27,130000,140000,129500,139500,139500,1561744
2017-12-28,139500,141500,134500,137000,137000,948214
2018-01-03,150500,151000,145500,149000,149000,1154361
2018-01-04,152500,159000,149500,156000,156000,2265019
2018-01-05,157000,158000,152000,156000,156000,1067202
2018-01-08,160500,162500,158000,159500,159500,1577403
2018-01-09,158000,160000,154500,157000,157000,1010891
2018-01-10,156000,158500,148000,149500,149500,1656798
2018-01-11,142000,146500,138000,140500,140500,2474827
2018-01-12,145500,145500,139000,140500,140500,1377402
2018-01-15,141500,147500,141500,145000,145000,1265024
2018-01-16,144500,145000,140000,140500,140500,1117873
2018-01-17,139000,139000,133000,134000,134000,2415858
2018-01-18,134500,138500,134000,135500,135500,1965579
2018-01-19,136000,139000,134000,138000,138000,1132433
2018-01-22,138000,139000,135000,135500,135500,815041
2018-01-23,135500,138000,135000,136500,136500,965243
2018-01-24,136500,138000,134500,135000,135000,760888
2018-01-25,135000,137500,134500,135000,135000,649676
2018-01-26,136000,141000,135000,140000,140000,1271640
2018-01-29,141000,141500,138500,139000,139000,708612
2018-01-30,139000,140500,137500,138500,138500,642199
2018-01-31,137500,140000,135000,140000,140000,943362
2018-02-01,140000,142000,137500,141500,141500,910082
2018-02-02,142000,145000,141500,143500,143500,2099421
2018-02-05,139500,140000,134500,134500,134500,1624472
2018-02-06,126500,131000,125000,131000,131000,2291759
2018-02-07,134000,134500,126500,126500,126500,1043100
2018-02-08,127000,130000,124500,126500,126500,1044087
2018-02-09,121500,124500,117000,118000,118000,2074927
2018-02-12,119000,120000,116500,118000,118000,817489
2018-02-13,120000,121000,118500,119000,119000,721603
2018-02-14,119500,125000,119000,122500,122500,858572
2018-02-19,126000,126000,123000,124000,124000,419351
2018-02-20,124000,124500,121500,123000,123000,288935
2018-02-21,123500,125500,122000,124500,124500,396493
2018-02-22,124500,125000,122000,123500,123500,306321
2018-02-23,123500,124000,122000,123500,123500,383787
2018-02-26,124500,124500,122500,123000,123000,303789
2018-02-27,124000,131000,124000,131000,131000,1272000
2018-02-28,130000,132500,127000,128000,128000,857397
2018-03-02,126500,128500,124500,127500,127500,474394
2018-03-05,127500,128000,123000,123000,123000,417227
2018-03-06,126000,134000,126000,132500,132500,1167882
2018-03-07,133000,133500,129000,129500,129500,596902
2018-03-08,129500,132000,128500,132000,132000,499256
2018-03-09,133000,135500,131000,134000,134000,753680
2018-03-12,136000,136500,134500,135000,135000,384411
2018-03-13,135500,141000,135000,140500,140500,1320091
2018-03-14,139500,140000,136000,137000,137000,703764
2018-03-15,137500,141500,137000,141500,141500,950867
2018-03-16,141500,143000,139000,141000,141000,1024727
2018-03-19,140000,140500,136000,137500,137500,610095
2018-03-20,135500,140000,135000,139000,139000,556447
2018-03-21,139000,140000,137500,138000,138000,416757
2018-03-22,137000,139000,135500,138000,138000,567619
2018-03-23,135000,136000,129500,130500,130500,1233587
2018-03-26,129500,132500,126500,131000,131000,962796
2018-03-27,134500,134500,131000,131500,131500,451505
2018-03-28,129000,130500,128000,129000,129000,462777
2018-03-29,129500,131000,126500,129500,129500,437532
2018-03-30,131500,133500,130000,132000,132000,447866
2018-04-02,132500,133500,128500,129000,129000,454496
2018-04-03,127000,130500,126500,128500,128500,483608
2018-04-04,129000,129000,123500,123500,123500,730140
2018-04-05,125000,126000,124000,124500,124500,299168
2018-04-06,125000,125500,122000,122500,122500,376868
2018-04-09,121500,122500,120000,121500,121500,547412
2018-04-10,121500,123500,121500,122500,122500,322551
2018-04-11,124000,125000,121000,121500,121500,379388
2018-04-12,122000,122500,120000,120000,120000,367434
2018-04-13,120500,122000,119500,120500,120500,368169
2018-04-16,120500,120500,116500,117000,117000,815062
2018-04-17,117500,120000,117500,118000,118000,399502
2018-04-18,120000,121500,118500,119500,119500,495833
2018-04-19,119000,119000,116000,116500,116500,648909
2018-04-20,116500,117500,113500,115000,115000,650463
2018-04-23,114500,114500,111000,111000,111000,669590
2018-04-24,112000,115500,111000,115000,115000,473979
2018-04-25,115500,119000,113500,115500,115500,607008
2018-04-26,116500,117500,113500,114000,114000,366727
2018-04-27,115000,115500,112000,113500,113500,402728
2018-04-30,113500,114000,110000,111000,111000,618640
2018-05-02,110500,114500,109500,114500,114500,526839
2018-05-03,114500,116500,113000,113500,113500,350536
2018-05-04,113000,113500,111500,112000,112000,251346
2018-05-08,112000,113000,110000,112000,112000,331690
2018-05-09,111000,113000,110500,113000,113000,332320
2018-05-10,113000,118000,111000,117000,117000,840339
2018-05-11,117500,118000,116000,117000,117000,367532
2018-05-14,114500,116000,111000,113000,113000,657566
2018-05-15,112000,115000,112000,114500,114500,320939
2018-05-16,114500,117000,113500,117000,117000,466027
2018-05-17,117500,118500,116000,116500,116500,338096
2018-05-18,118500,119000,112500,113500,113500,819348
2018-05-21,113500,114500,112500,113500,113500,176761
2018-05-23,113000,114500,112500,112500,112500,285620
2018-05-24,112000,114000,112000,113000,113000,208135
2018-05-25,112000,114000,111500,112000,112000,257170
2018-05-28,111000,111500,108000,108000,108000,679442
2018-05-29,108000,110000,107500,108000,108000,318837
2018-05-30,107000,107500,103500,104000,104000,600575
2018-05-31,104500,106000,103000,103500,103500,470392
2018-06-01,103500,107000,103500,104500,104500,452021
2018-06-04,104000,108500,104000,108000,108000,432581
2018-06-05,108000,112000,107000,111500,111500,477854
2018-06-07,112000,113500,109000,111500,111500,355080
2018-06-08,112000,113500,110500,113000,113000,393243
2018-06-11,113000,114500,112000,114000,114000,251178
2018-06-12,114000,114500,113000,114000,114000,180468
2018-06-14,114000,114000,112000,112000,112000,250011
2018-06-15,112000,112000,109000,109500,109500,336430
2018-06-18,109000,110000,106000,107500,107500,405910
2018-06-19,107000,110500,105500,106500,106500,250870
2018-06-20,106000,109000,106000,108000,108000,290289
2018-06-21,107500,109000,106000,107000,107000,172840
2018-06-22,106500,114500,106500,114000,114000,651617
2018-06-25,114000,114500,112000,114000,114000,345973
2018-06-26,112500,113000,111000,112000,112000,250298
2018-06-27,112500,113500,110000,111000,111000,311174
2018-06-28,110000,112500,109000,111500,111500,221308
2018-06-29,113000,115500,112000,114500,114500,579530
2018-07-02,115500,116500,111500,111500,111500,415693
2018-07-03,113500,115000,112500,114000,114000,314988
2018-07-04,114500,118000,114000,117000,117000,846154
2018-07-05,117000,118500,115500,116500,116500,348243
2018-07-06,116500,117000,113000,114500,114500,383082
2018-07-09,114500,117500,114500,117500,117500,394098
2018-07-10,117500,118000,116000,117000,117000,222321
2018-07-11,116000,117000,115000,116500,116500,250313
2018-07-12,117000,118000,115500,117500,117500,444272
2018-07-13,118000,119000,116500,118000,118000,302155
2018-07-16,118000,118500,115500,116500,116500,236711
2018-07-17,116000,116500,113500,114000,114000,372754
2018-07-18,115000,116500,112000,113000,113000,351263
2018-07-19,113000,115500,112500,114000,114000,267375
2018-07-20,114000,115500,113000,115000,115000,184967
2018-07-23,115000,117000,113500,115500,115500,346894
2018-07-24,115500,118000,115000,117000,117000,502533
2018-07-25,117500,118000,116000,118000,118000,310394
2018-07-26,118000,118500,116000,117500,117500,262125
2018-07-27,117500,120000,116500,119500,119500,568921
2018-07-30,118500,119000,116000,116500,116500,308410
2018-07-31,115000,116000,111500,112500,112500,654749
2018-08-01,112500,113500,111500,112500,112500,276459
2018-08-02,112500,115000,111000,111000,111000,311779
2018-08-03,111500,113000,111500,113000,113000,169521
2018-08-06,113500,114500,112500,113500,113500,189971
2018-08-07,114000,120000,113000,120000,120000,742353
2018-08-08,122000,124500,118000,119000,119000,1216684
2018-08-09,121000,126000,119500,125500,125500,1622449
2018-08-10,125500,129500,124000,128000,128000,1269641
2018-08-13,126500,127500,122500,124000,124000,636617
2018-08-14,125000,128500,123000,127500,127500,518080
2018-08-16,124500,128000,124000,127500,127500,478674
2018-08-17,128500,129000,126500,127000,127000,327327
2018-08-20,127000,128000,124000,124500,124500,328660
2018-08-21,125000,126500,124000,124000,124000,353528
2018-08-22,125500,125500,122500,124500,124500,333939
2018-08-23,125000,126000,123500,125500,125500,292057
2018-08-24,125000,125000,123000,124000,124000,283256
2018-08-27,124000,128000,124000,128000,128000,588666
2018-08-28,127000,127500,123500,125500,125500,480764
2018-08-29,125000,127500,124000,126500,126500,750163
2018-08-30,126500,128000,125500,126500,126500,313774
2018-08-31,124000,125500,123000,125000,125000,431909
2018-09-03,125000,125500,121000,121500,121500,460200
2018-09-04,121500,123000,120500,122000,122000,268355
2018-09-05,122000,123500,121000,121000,121000,215419
2018-09-06,121500,122000,119000,120000,120000,299195
2018-09-07,120000,120500,118500,120000,120000,206174
2018-09-10,119000,120500,118500,119000,119000,216152
2018-09-11,118500,118500,116000,116500,116500,424870
2018-09-12,116500,120500,116500,120000,120000,344739
2018-09-13,121000,122000,119500,121000,121000,407528
2018-09-14,120500,121000,118500,120000,120000,287642
2018-09-17,120500,121500,118000,121500,121500,359811
2018-09-18,122000,122500,120000,120500,120500,384132
2018-09-19,121000,121000,116500,117000,117000,664304
2018-09-20,118000,119500,117000,117500,117500,308838
2018-09-21,121500,123500,118500,118500,118500,667099
2018-09-27,119000,121000,119000,120500,120500,275536
2018-09-28,120000,120500,119000,119000,119000,229927
2018-10-01,120000,123500,119500,119500,119500,368677
2018-10-02,120500,121000,114500,115500,115500,615909
2018-10-04,114500,115500,111000,112000,112000,603136
2018-10-05,110500,111500,108500,109000,109000,479642
2018-10-08,107500,110500,107500,107500,107500,187871
2018-10-10,106500,108500,104000,104000,104000,516278
2018-10-11,100000,102000,98500,98500,98500,957608
2018-10-12,98500,102000,97600,101000,101000,537122
2018-10-15,101000,102000,99200,99300,99300,219792
2018-10-16,99300,101000,99300,100500,100500,183949
2018-10-17,103000,103000,100000,100500,100500,302780
2018-10-18,100000,101500,99700,100500,100500,173176
2018-10-19,100000,102000,99100,101000,101000,268396
2018-10-22,101500,104000,100500,102500,102500,208316
2018-10-23,102500,103500,100000,100500,100500,194001
2018-10-24,101000,101500,98900,99200,99200,312593
2018-10-25,97300,97300,92000,94200,94200,1024715
2018-10-26,95000,95500,89900,90900,90900,653419
2018-10-29,89900,92400,87200,87600,87600,599252
2018-10-30,86000,91100,86000,90500,90500,521229
2018-10-31,90900,92800,89700,91600,91600,336787
2018-11-01,92000,95600,91900,93100,93100,372853
2018-11-02,95200,98500,94100,98200,98200,409600
2018-11-05,97000,97400,94700,95500,95500,339846
2018-11-06,95700,97500,95000,96600,96600,195992
2018-11-07,97100,97700,95200,95600,95600,269320
2018-11-08,97900,102000,97800,100000,100000,644793
2018-11-09,100000,102000,98700,100500,100500,292309
2018-11-12,101000,101500,100000,101000,101000,201208
2018-11-13,98800,101500,98700,101500,101500,278476
2018-11-14,102500,104000,101500,103000,103000,281601
2018-11-16,105000,106000,102000,102500,102500,206149
2018-11-19,102500,107500,102500,107000,107000,346393
2018-11-20,106500,107500,105000,107000,107000,234825
2018-11-21,105000,107500,104500,107500,107500,206018
2018-11-22,107000,107500,106000,106500,106500,143409
2018-11-23,107000,109500,106000,108000,108000,242633
2018-11-26,107500,113000,107500,112500,112500,460406
2018-11-27,113000,114000,110000,110500,110500,270808
2018-11-28,111500,113000,111000,112000,112000,185906
2018-11-29,113000,114000,111000,112000,112000,263008
2018-11-30,112000,113000,111500,112500,112500,346553
2018-12-03,114500,115000,112500,113500,113500,262030
2018-12-04,114000,115000,113000,113500,113500,264857
2018-12-05,112000,115000,111500,114500,114500,222316
2018-12-06,115000,117500,114500,116000,116000,396531
2018-12-07,116500,117000,112000,114500,114500,354995
2018-12-10,113000,113500,110000,111000,111000,331087
2018-12-11,110000,110500,106500,107000,107000,461496
2018-12-12,107000,111000,105500,110000,110000,393740
2018-12-13,111500,114500,110500,111500,111500,494887
2018-12-14,110500,111500,109000,110000,110000,196803
2018-12-17,110000,112000,108500,110500,110500,173155
2018-12-18,108500,111000,107000,108500,108500,188963
2018-12-19,108500,109000,106000,108000,108000,218497
2018-12-20,107000,107000,101000,103000,103000,579446
2018-12-21,102500,104500,101000,104500,104500,429650
2018-12-24,104500,104500,100000,101000,101000,320266
2018-12-26,99000,100500,98000,98500,98500,492532
2018-12-27,100500,102000,100000,101500,101500,217247
2018-12-28,101000,104500,101000,103000,103000,190847
2019-01-02,103500,105000,101500,102000,102000,173462
2019-01-03,102500,105500,100500,102500,102500,293989
2019-01-04,102000,104000,101500,103500,103500,251728
2019-01-07,105000,107000,102000,103000,103000,378153
2019-01-08,102500,103000,99500,99900,99900,450462
2019-01-09,100500,102500,100000,102000,102000,357096
2019-01-10,101000,103000,100500,101000,101000,291573
2019-01-11,101000,103500,101000,102000,102000,180561
2019-01-14,102000,102000,99800,100000,100000,243305
2019-01-15,100000,102500,99500,99900,99900,381581
2019-01-16,100500,101000,99800,100000,100000,217209
2019-01-17,100000,102000,98500,98500,98500,434803
2019-01-18,99000,99900,98900,99600,99600,291588
2019-01-21,99900,100000,98700,98800,98800,252620
2019-01-22,99400,102500,99300,102000,102000,448490
2019-01-23,101500,103000,100500,102500,102500,360462
2019-01-24,102500,103500,101000,102000,102000,282408
2019-01-25,101500,103000,101000,102500,102500,355017
2019-01-28,103000,104000,101500,102000,102000,275296
2019-01-29,101500,102000,101000,102000,102000,225138
2019-01-30,102000,102500,99500,99900,99900,565397
2019-01-31,100500,100500,98800,99300,99300,546040
2019-02-01,99400,100500,99200,99600,99600,388183
2019-02-07,100000,100000,98700,99000,99000,307297
2019-02-08,98700,99100,98100,98200,98200,314884
2019-02-11,98500,98700,95300,95600,95600,906796
2019-02-12,95600,96500,93300,96000,96000,599314
2019-02-13,96500,98900,95500,98100,98100,519566
2019-02-14,97800,101000,96100,100500,100500,849160
2019-02-15,101500,103500,100500,101500,101500,653634
2019-02-18,102500,103000,101000,102000,102000,355745
2019-02-19,101500,102000,100000,100000,100000,231131
2019-02-20,100500,101000,98500,99700,99700,387109
2019-02-21,99800,101000,98800,98900,98900,328444
2019-02-22,99500,100500,98800,99300,99300,294247
2019-02-25,99400,99800,98100,98300,98300,370483
2019-02-26,98400,103500,98400,103500,103500,1238902
2019-02-27,104500,105500,103000,105000,105000,551979
2019-02-28,105000,106500,103500,103500,103500,733261
2019-03-04,105500,109000,105000,108500,108500,853038
2019-03-05,108000,108000,105500,106500,106500,472504
2019-03-06,107000,108000,104000,105500,105500,298220
2019-03-07,105500,107000,103500,104500,104500,330354
2019-03-08,109000,109500,106500,107500,107500,792787
2019-03-11,108000,108000,104500,106000,106000,276026
2019-03-12,106500,107000,103500,103500,103500,380777
2019-03-13,104000,106500,103500,104000,104000,240466
2019-03-14,105000,107500,104500,106500,106500,444051
2019-03-15,106500,108500,106500,107500,107500,463768
2019-03-18,108000,108500,107000,107500,107500,197291
2019-03-19,107500,108500,102500,102500,102500,605054
2019-03-20,103000,103500,100000,102000,102000,492001
2019-03-21,102000,104000,101500,102500,102500,230173
2019-03-22,103000,104500,103000,104000,104000,239614
2019-03-25,102000,104000,101500,102000,102000,171747
2019-03-26,102500,105500,102000,104000,104000,257452
2019-03-27,104500,104500,102000,102500,102500,208707
2019-03-28,102000,104000,102000,102500,102500,162966
2019-03-29,103000,104000,102500,103500,103500,153823
2019-04-01,103500,104000,102000,103000,103000,216132
2019-04-02,103500,104000,102000,103500,103500,227338
2019-04-03,103000,104000,102000,102500,102500,294101
2019-04-04,102500,103000,101500,102500,102500,261063
2019-04-05,102500,103000,102000,102500,102500,132105
2019-04-08,103000,103500,101500,102000,102000,203479
2019-04-09,102000,102000,100000,100500,100500,383038
2019-04-10,101000,103000,100500,102500,102500,263334
2019-04-11,103000,103000,101500,102500,102500,253796
2019-04-12,102500,102500,101500,102500,102500,162349
2019-04-15,104000,110500,103000,110500,110500,1228969
2019-04-16,113500,118000,112500,117500,117500,1744272
2019-04-17,117000,119000,115500,117500,117500,653103
2019-04-18,119000,119500,116000,116500,116500,443925
2019-04-19,117000,119000,115000,117000,117000,329620
2019-04-22,118000,120500,117000,118000,118000,457505
2019-04-23,118500,119500,116000,116500,116500,259471
2019-04-24,117500,118500,115500,118000,118000,443136
2019-04-25,117500,118000,115000,116000,116000,292233
2019-04-26,115500,117500,113000,115000,115000,366725
2019-04-29,115500,119500,114000,119500,119500,512703
2019-04-30,119000,121000,118500,120000,120000,494890
2019-05-02,120000,124500,119500,123000,123000,742545
2019-05-03,126000,129000,125500,128000,128000,1098989
2019-05-07,126000,130000,126000,127500,127500,664716
2019-05-08,126500,130000,125500,128500,128500,700167
2019-05-09,133500,133500,126500,126500,126500,1352763
2019-05-10,128500,131000,127500,130000,130000,1006921
2019-05-13,130500,130500,127000,128500,128500,584824
2019-05-14,127000,135000,126500,134000,134000,1360661
2019-05-15,135500,136000,130000,132000,132000,1241060
2019-05-16,132500,134000,130500,133500,133500,558891
2019-05-17,129000,129500,124000,124500,124500,5222004
2019-05-20,126500,128500,125500,126500,126500,899474
2019-05-21,126500,127500,125000,125000,125000,694961
2019-05-22,125500,126500,121500,125500,125500,840648
2019-05-23,125000,127000,123500,124000,124000,425136
2019-05-24,123000,124000,120500,124000,124000,766145
2019-05-27,125000,126500,120500,122000,122000,550142
2019-05-28,121000,125000,120500,123000,123000,565899
2019-05-29,122500,123500,120500,121500,121500,323116
2019-05-30,122000,125500,122000,124500,124500,460680
2019-05-31,124000,126000,123000,124500,124500,325040
2019-06-03,123500,125500,122000,122500,122500,316035
2019-06-04,122500,124000,116500,119500,119500,847685
2019-06-05,121000,121500,119500,120500,120500,307665
2019-06-07,120000,120500,117500,120000,120000,537162
2019-06-10,120000,125000,119000,124000,124000,506951
2019-06-11,124000,125000,122500,124500,124500,244302
2019-06-12,124500,125000,122500,124000,124000,212619
2019-06-13,124000,127500,123500,126500,126500,747390
2019-06-14,127000,128000,124500,125000,125000,357300
2019-06-17,125000,125000,121000,121500,121500,349662
2019-06-18,121500,123000,120000,121000,121000,344107
2019-06-19,122500,122500,121000,122000,122000,178919
2019-06-20,122000,124000,120000,122000,122000,287954
2019-06-21,124500,128000,124000,126500,126500,808423
2019-06-24,127000,128000,125500,126000,126000,306333
2019-06-25,129000,131000,127500,130500,130500,956899
2019-06-26,131000,132500,129000,129500,129500,516097
2019-06-27,131000,133500,130000,131500,131500,704159
2019-06-28,131500,133000,130000,131500,131500,362354
2019-07-01,132500,133000,129000,129500,129500,433735
2019-07-02,129500,131500,128000,131500,131500,264488
2019-07-03,131500,132000,130000,131000,131000,300667
2019-07-04,131000,132500,129500,132500,132500,362634
2019-07-05,133000,134000,131500,133500,133500,458417
2019-07-08,133500,133500,128000,128000,128000,581000
2019-07-09,128500,132000,128000,131000,131000,463640
2019-07-10,132000,132000,129000,131000,131000,312943
2019-07-11,131000,133000,130500,130500,130500,525918
2019-07-12,131000,132500,129500,131500,131500,300566
2019-07-15,132500,136000,131000,133000,133000,783546
2019-07-16,133500,134000,132000,133000,133000,323628
2019-07-17,132000,132500,129500,131000,131000,328637
2019-07-18,130500,132500,130500,131500,131500,170819
2019-07-19,132000,135500,131500,135000,135000,656218
2019-07-22,134500,136000,133500,134000,134000,408551
2019-07-23,134000,136500,133000,136000,136000,469494
2019-07-24,136000,138000,134000,136000,136000,692256
2019-07-25,136000,136000,128000,131000,131000,1295817
2019-07-26,129000,132000,127000,131000,131000,701403
2019-07-29,130000,132000,128000,129000,129000,368682
2019-07-30,128500,129500,126000,126000,126000,467439
2019-07-31,125000,128000,124500,127000,127000,294609
2019-08-01,126000,128500,125500,126500,126500,249194
2019-08-02,126000,130000,123500,128500,128500,444403
2019-08-05,128000,129000,121500,122500,122500,597268
2019-08-06,118500,124500,117500,122000,122000,714349
2019-08-07,124500,125000,121500,123500,123500,424495
2019-08-08,128000,129000,125500,127000,127000,956084
2019-08-09,128000,133000,127500,132000,132000,780515
2019-08-12,133000,133500,129500,130000,130000,265084
2019-08-13,130000,132500,129000,131500,131500,361927
2019-08-14,133000,133000,129000,130500,130500,338519
2019-08-16,129500,130000,128000,129500,129500,300046
2019-08-19,130500,131500,129500,130500,130500,222446
2019-08-20,131000,132000,129500,132000,132000,369383
2019-08-21,131000,133000,130500,131500,131500,284628
2019-08-22,131500,135000,131500,133000,133000,597184
2019-08-23,132000,133500,130500,133000,133000,414033
2019-08-26,130000,133000,129500,132500,132500,374958
2019-08-27,133500,135000,133000,134000,134000,499775
2019-08-28,134000,135000,132500,133500,133500,255507
2019-08-29,133000,133500,131000,133000,133000,351957
2019-08-30,134000,135500,134000,134500,134500,402408
2019-09-02,134000,137500,133500,137000,137000,575791
2019-09-03,137500,138000,136000,137500,137500,291503
2019-09-04,137000,139000,136500,138500,138500,431250
2019-09-05,138000,139000,134500,135000,135000,598646
2019-09-06,135000,136500,135000,136000,136000,191271
2019-09-09,135000,135500,132000,133000,133000,673204
2019-09-10,133000,135500,132500,135500,135500,310565
2019-09-11,135500,136000,133000,133000,133000,734465
2019-09-16,134500,135000,131000,132000,132000,413424
2019-09-17,132000,134000,132000,132000,132000,326141
2019-09-18,133000,137000,133000,137000,137000,684630
2019-09-19,136500,137500,135000,135500,135500,242822
2019-09-20,135500,135500,133000,135500,135500,358235
2019-09-23,135000,136500,134500,134500,134500,207227
2019-09-24,135000,138000,134500,138000,138000,466753
2019-09-25,137500,138500,136000,136000,136000,301919
2019-09-26,137000,137500,135000,136500,136500,210766
2019-09-27,136500,136500,134500,135500,135500,168760
2019-09-30,134500,136000,134000,135500,135500,202006
2019-10-01,136000,138000,136000,137500,137500,252319
2019-10-02,136500,137000,135500,135500,135500,152309
2019-10-04,134500,136000,133500,133500,133500,238417
2019-10-07,134000,135000,133000,134500,134500,344020
2019-10-08,134500,135000,133500,134500,134500,224907
2019-10-10,133000,137000,132500,136500,136500,694345
2019-10-11,136500,137500,134500,135000,135000,238584
2019-10-14,136000,136500,134000,134500,134500,317555
2019-10-15,135000,135000,133000,134000,134000,190243
2019-10-16,134000,134500,128500,132000,132000,753513
2019-10-17,131500,132500,129000,130500,130500,618170
2019-10-18,131000,133500,131000,132500,132500,332984
2019-10-21,132500,134000,131000,133500,133500,214102
2019-10-22,134000,136000,134000,136000,136000,337570
2019-10-23,136000,140000,135500,140000,140000,1045771
2019-10-24,140500,142000,139000,139500,139500,490092
2019-10-25,140000,141000,139500,140000,140000,196552
2019-10-28,142000,145000,139500,140000,140000,665988
2019-10-29,141500,142000,138000,139500,139500,367213
2019-10-30,140500,140500,137500,138000,138000,251362
2019-10-31,139000,144000,138500,141500,141500,726151
2019-11-01,142500,146000,142000,145500,145500,717046
2019-11-04,146500,147500,145500,146500,146500,436509
2019-11-05,146000,149000,145500,148500,148500,502806
2019-11-06,149000,151000,148000,151000,151000,516744
2019-11-07,152000,154500,147000,151000,151000,1222184
2019-11-08,152000,155000,151000,152000,152000,900774
2019-11-11,153000,155000,152000,154000,154000,509809
2019-11-12,154000,154500,152000,153500,153500,396292
2019-11-13,152500,154000,151000,153500,153500,376959
2019-11-15,154500,155500,153500,155500,155500,281084
2019-11-18,155500,158000,155500,157500,157500,372362
2019-11-19,157500,157500,155500,156500,156500,323233
2019-11-20,156000,159000,155500,156500,156500,332676
2019-11-21,156500,157000,151000,154000,154000,666854
2019-11-22,153000,155500,152000,153000,153000,335038
2019-11-25,153500,156500,153500,156500,156500,300270
2019-11-26,157000,158500,156500,157500,157500,361401
2019-11-27,158500,159000,156500,157500,157500,294619
2019-11-28,156500,157500,155500,157000,157000,218221
2019-11-29,156000,159000,153500,155500,155500,471253
2019-12-02,156000,156500,153500,156500,156500,250192
2019-12-03,155500,157000,154000,157000,157000,235453
2019-12-04,156000,156000,154500,156000,156000,233141
2019-12-05,155500,156000,148500,149500,149500,841460
2019-12-06,149000,154000,149000,153500,153500,415390
2019-12-09,154000,154500,151000,151500,151500,267330
2019-12-10,150000,151500,147000,149500,149500,516074
2019-12-11,150500,150500,147500,150000,150000,480071
2019-12-12,151000,151500,149000,149500,149500,710378
2019-12-13,150500,151000,148500,151000,151000,456822
2019-12-16,151000,152000,150000,151500,151500,297095
2019-12-17,151500,152000,149500,150500,150500,275832
2019-12-18,150500,152000,149500,151000,151000,252752
2019-12-19,150500,151000,149000,150000,150000,175849
2019-12-20,150000,153000,149500,150000,150000,545445
2019-12-23,151000,151000,148000,148500,148500,283403
2019-12-24,148000,150000,144500,146500,146500,367817
2019-12-26,146000,148000,146000,148000,148000,320921
2019-12-27,149500,154000,149000,153500,153500,690548
2019-12-30,154000,155000,153000,153500,153500,428587
2020-01-02,154000,154500,152000,152500,152500,241047
2020-01-03,153500,155000,151000,152500,152500,314848
2020-01-06,150500,155000,150000,154500,154500,393715
2020-01-07,155000,160000,154500,160000,160000,840186
2020-01-08,158500,162000,156500,159500,159500,851619
2020-01-09,163500,165500,162500,164000,164000,878319
2020-01-10,165000,166500,163000,165000,165000,401906
2020-01-13,165500,167500,165000,167000,167000,475667
2020-01-14,167500,168500,165500,167000,167000,423286
2020-01-15,167000,170500,166500,170000,170000,462119
2020-01-16,170000,172000,170000,171500,171500,260049
2020-01-17,171500,172500,168000,168500,168500,354724
2020-01-20,169000,170000,167000,168500,168500,380510
2020-01-21,168500,169000,163500,165000,165000,389155
2020-01-22,166000,169000,164500,166000,166000,504350
2020-01-23,168000,168000,164500,165500,165500,323420
2020-01-28,160000,163500,159500,162500,162500,513228
2020-01-29,165500,166000,162500,163500,163500,255167
2020-01-30,163000,165500,160500,162000,162000,418908
2020-01-31,162500,164000,158500,159000,159000,346067
2020-02-03,156000,160500,156000,159500,159500,423907
2020-02-04,161500,165500,160500,164500,164500,394773
2020-02-05,166500,167000,161500,163000,163000,456954
2020-02-06,165500,168000,163500,166000,166000,552044
2020-02-07,167000,170500,166000,167500,167500,522100
2020-02-10,167500,169500,166000,169000,169000,375209
2020-02-11,169000,170000,168000,170000,170000,307120
2020-02-12,169500,172000,168000,172000,172000,407917
2020-02-13,174500,181500,173500,179000,179000,1877980
2020-02-14,181000,184500,179000,180000,180000,948085
2020-02-17,180000,182000,179000,180500,180500,329408
2020-02-18,180500,183500,179000,182000,182000,587253
2020-02-19,184000,190500,183500,190000,190000,1362998
2020-02-20,190500,191500,188000,190500,190500,547405
2020-02-21,188500,191500,187500,189500,189500,558497
2020-02-24,184500,186000,182000,183500,183500,792733
2020-02-25,182000,186000,180000,185500,185500,596763
2020-02-26,183500,185500,181500,184000,184000,516378
2020-02-27,184000,185500,176500,178500,178500,785062
2020-02-28,174500,176500,170500,172000,172000,1022917
2020-03-02,174500,176500,169500,175000,175000,793495
2020-03-03,180500,181000,175000,175000,175000,629017
2020-03-04,174000,181000,174000,179500,179500,709188
2020-03-05,182500,183000,176500,179500,179500,821744
2020-03-06,176500,178500,174000,175500,175500,568424
2020-03-09,175500,175500,175500,175500,175500,0
2020-03-10,164500,174500,164000,173000,173000,950875
2020-03-11,172000,174500,167000,169000,169000,550227
2020-03-12,167000,169000,158500,161000,161000,1218070
2020-03-13,150000,161500,145000,159000,159000,1601985
2020-03-16,162000,164000,147500,147500,147500,1252484
2020-03-17,141000,150500,140000,147500,147500,1221046
2020-03-18,148500,152000,140500,141000,141000,1107527
2020-03-19,145500,147000,127500,134000,134000,2157141
2020-03-20,138000,151000,134500,149500,149500,1765756
2020-03-23,138000,148000,137500,143500,143500,1569378
2020-03-24,150500,155000,147000,154500,154500,1271387
2020-03-25,160500,162500,151000,154500,154500,1290376
2020-03-26,155000,156000,150000,150500,150500,893688
2020-03-27,156500,157000,149000,152500,152500,958988
2020-03-30,149500,154500,147500,153000,153000,668254
2020-03-31,155000,159000,152000,155500,155500,1042474
2020-04-01,156000,158500,150000,150500,150500,794295
2020-04-02,152000,157000,149000,157000,157000,1043790
2020-04-03,158500,159000,155000,157500,157500,545749
2020-04-06,158500,161000,157500,160500,160500,807805
2020-04-07,163500,164500,158500,160000,160000,920798
2020-04-08,159000,160500,158000,158000,158000,738303
2020-04-09,161000,161000,157500,158000,158000,726920
2020-04-10,158500,161500,157000,161000,161000,753323
2020-04-13,161000,161000,157000,157500,157500,470251
2020-04-14,159500,160500,158000,159500,159500,430759
2020-04-16,159000,167000,158500,165500,165500,1005533
2020-04-17,169000,172500,167500,172000,172000,947794
2020-04-20,172500,179000,172000,175000,175000,859303
2020-04-21,176500,177500,168500,175500,175500,1232126
2020-04-22,174000,177000,171500,177000,177000,686146
2020-04-23,181500,186500,180500,185500,185500,1509799
2020-04-24,184500,188500,182000,183000,183000,1073684
2020-04-27,183000,187000,181500,184000,184000,721963
2020-04-28,185500,186500,181500,185000,185000,668638
2020-04-29,184000,186500,182500,184000,184000,659512
2020-05-04,181500,190000,180000,186500,186500,1019409
2020-05-06,189000,200000,188000,199500,199500,2035947
2020-05-07,199500,207500,198500,206000,206000,2629709
2020-05-08,206500,210000,204000,206000,206000,1405404
2020-05-11,207000,211500,206500,207500,207500,1048413
2020-05-12,209000,216500,206000,214500,214500,1563095
2020-05-13,211500,216500,211500,216500,216500,1113608
2020-05-14,216000,228000,214000,225000,225000,1459813
2020-05-15,228500,231500,216000,221500,221500,1524083
2020-05-18,221500,225500,218500,221000,221000,744533
2020-05-19,221500,222500,214000,220000,220000,1308903
2020-05-20,223500,234500,222000,231500,231500,1773960
2020-05-21,237500,240000,234500,237500,237500,1408737
2020-05-22,237500,248500,235000,247000,247000,1887064
2020-05-25,251000,270000,249000,268000,268000,2653776
2020-05-26,273500,279500,261000,270000,270000,3274293
2020-05-27,262000,267000,257000,260500,260500,2015974
2020-05-28,257500,270000,252500,267000,267000,2495048
2020-05-29,263500,267500,257500,263500,263500,1645822
2020-06-01,263500,266000,259500,264000,264000,1083698
2020-06-02,262500,263000,257000,259500,259500,978846
2020-06-03,259500,261500,247500,249500,249500,2302391
2020-06-04,247500,257000,247000,254000,254000,1228950
2020-06-05,253000,253500,247500,251000,251000,1007264
2020-06-08,252500,258000,248500,256500,256500,1417078
2020-06-09,255500,259500,252500,254500,254500,834862
2020-06-10,256500,263500,256500,262000,262000,1575452
2020-06-11,264000,268000,261000,265000,265000,1724551
2020-06-12,256500,268000,256000,266000,266000,1688975
2020-06-15,266000,271000,250000,252500,252500,1549230
2020-06-16,260500,263000,258000,263000,263000,915456
2020-06-17,261500,268000,258000,263000,263000,1162204
2020-06-18,264500,267000,260500,263500,263500,981144
2020-06-19,267500,269500,262000,263500,263500,920126
2020-06-22,263500,276000,260500,274000,274000,2008656
2020-06-23,279000,289000,277000,281500,281500,2166267
2020-06-24,281500,284000,275000,282500,282500,1081233
2020-06-25,278500,282000,273500,274500,274500,900258
2020-06-26,279500,280000,268000,274500,274500,812726
2020-06-29,269000,273500,266000,267500,267500,778818
2020-06-30,272000,273000,267500,267500,267500,624089
2020-07-01,271500,275000,267500,269500,269500,578023
2020-07-02,273500,285500,273000,285500,285500,1378545
2020-07-03,289500,297000,284000,294000,294000,1604493
2020-07-06,298000,307500,297000,300500,300500,1344851
2020-07-07,306500,318000,304000,310500,310500,1552820
2020-07-08,312000,328000,305000,328000,328000,1869663
2020-07-09,335000,355500,332000,355500,355500,2463503
2020-07-10,351000,368000,345500,355500,355500,2566935
2020-07-13,359000,361000,345000,352000,352000,1391744
2020-07-14,340500,346500,340000,343000,343000,1212519
2020-07-15,344000,349500,332000,337500,337500,1487417
2020-07-16,332000,335500,319000,322000,322000,1941508
2020-07-17,319000,327000,314000,325000,325000,1268587
2020-07-20,325000,325000,310000,310000,310000,1534422
2020-07-21,323500,326000,311500,316000,316000,1676630
2020-07-22,310500,321500,306000,318000,318000,1159298
2020-07-23,316500,329500,315000,329500,329500,1260435
2020-07-24,325000,333000,322000,324500,324500,907643
2020-07-27,321000,329500,320500,326500,326500,603322
2020-07-28,332000,336000,328500,329500,329500,873063
2020-07-29,329000,333000,325000,331500,331500,618435
2020-07-30,336000,337000,331500,332000,332000,615872
2020-07-31,336000,344000,335500,343500,343500,1078837
2020-08-03,347500,366000,347000,366000,366000,1636803
2020-08-04,378500,384000,361000,370000,370000,1714642
2020-08-05,366000,371000,362500,370500,370500,1075879
2020-08-06,358500,372500,357500,364000,364000,1848898
2020-08-07,368000,370000,350500,353000,353000,1899111
2020-08-10,346000,358500,341500,356000,356000,1086391
2020-08-11,351500,357000,347500,352500,352500,750285
2020-08-12,348500,356500,347500,354000,354000,729434
2020-08-13,359000,365000,356500,360500,360500,1117859
2020-08-14,361000,366000,358000,362500,362500,825802
2020-08-18,371500,389500,367500,378000,378000,3032037
2020-08-19,384500,385000,372000,376500,376500,1359266
2020-08-20,376000,383000,359500,364500,364500,1686740
2020-08-21,370000,373500,362000,370000,370000,1021460
2020-08-24,374500,382500,367500,380000,380000,969648
2020-08-25,384500,385000,377000,381000,381000,887733
2020-08-26,380500,394000,378000,392000,392000,1351029
2020-08-27,396500,413000,396000,410500,410500,1981840
2020-08-28,413500,416000,400000,405500,405500,1506996
2020-08-31,410500,420500,401000,407000,407000,1629751
2020-09-01,413500,416000,400000,401500,401500,1100736
2020-09-02,405500,412500,401500,412000,412000,921655
2020-09-03,415500,416000,404000,410000,410000,739215
2020-09-04,390000,404500,389500,402000,402000,1168529
2020-09-07,401500,401500,391000,392000,392000,928939
2020-09-08,393500,398500,380500,390000,390000,1020539
2020-09-09,381500,388000,379000,384000,384000,935573
2020-09-10,392000,396500,384000,385500,385500,936708
2020-09-11,382000,384000,375500,379000,379000,792840
2020-09-14,377000,378000,369000,373500,373500,830231
2020-09-15,371000,385000,369000,381000,381000,860038
2020-09-16,384000,384500,377000,377000,377000,485743
2020-09-17,373500,374000,369000,371000,371000,617702
2020-09-18,369000,377000,366000,373000,373000,495271
2020-09-21,371500,374000,364000,364500,364500,530255
2020-09-22,361000,369000,351000,353000,353000,880318
2020-09-23,358500,367000,353000,365500,365500,930394
2020-09-24,361000,361500,351000,352000,352000,763638
2020-09-25,356000,358000,346500,351500,351500,449701
2020-09-28,356500,372000,354000,369000,369000,674705
2020-09-29,374500,375000,364000,364500,364500,612054
2020-10-05,360500,370500,358000,370500,370500,522228
2020-10-06,373500,383500,370000,381500,381500,765339
2020-10-07,378000,381500,376000,380500,380500,398285
2020-10-08,383500,387000,379000,379000,379000,624658
2020-10-12,383000,383000,371000,371500,371500,471624
2020-10-13,374000,377000,371500,372000,372000,302317
2020-10-14,370000,375000,366000,368500,368500,333008
2020-10-15,368000,368500,360000,362000,362000,422566
2020-10-16,361000,362000,355000,357500,357500,400405
2020-10-19,358000,362500,352000,353000,353000,362402
2020-10-20,348000,353000,340000,352500,352500,759973
2020-10-21,351000,361000,351000,353500,353500,516282
2020-10-22,351500,352000,345500,349000,349000,376380
2020-10-23,348500,350000,340000,340000,340000,622592
2020-10-26,337000,341000,328000,329500,329500,714722
2020-10-27,324500,343500,324500,334000,334000,812610
2020-10-28,335500,346500,335000,346500,346500,629567
2020-10-29,342000,345500,338500,343000,343000,491546
2020-10-30,343000,344000,330000,330000,330000,553748
2020-11-02,330500,335500,328000,334500,334500,319856
2020-11-03,334500,339000,332000,336500,336500,403786
2020-11-04,340500,361000,340000,359500,359500,1431026
2020-11-05,359000,368500,353000,363000,363000,1061367
2020-11-06,367000,380500,365500,370500,370500,1315572
2020-11-09,375000,376000,367500,371500,371500,593735
2020-11-10,357500,361500,354000,356000,356000,1105100
2020-11-11,351500,358500,347500,355500,355500,713843
2020-11-12,360000,364500,355000,357500,357500,555279
2020-11-13,355000,366000,355000,365500,365500,538206
2020-11-16,371000,371500,359500,362000,362000,557987
2020-11-17,358000,365000,356000,362000,362000,452275
2020-11-18,360000,368500,359500,365500,365500,484493
2020-11-19,367500,371500,365500,365500,365500,430120
2020-11-20,366500,368000,362000,365500,365500,267266
2020-11-23,368500,369000,365000,367000,367000,363196
2020-11-24,366500,377000,366500,373000,373000,649755
2020-11-25,377500,377500,366000,367000,367000,703279
2020-11-26,367500,374500,366500,374000,374000,539570
2020-11-27,375500,377500,371000,373000,373000,335836
2020-11-30,373000,374000,368000,368000,368000,544990
2020-12-01,369500,375000,369000,374500,374500,452723
2020-12-02,375500,375500,371000,373000,373000,440500
2020-12-03,373000,374000,369000,374000,374000,464371
2020-12-04,374000,392500,371000,389500,389500,1561745
2020-12-07,395000,395000,380500,385000,385000,894743
2020-12-08,387500,388000,374000,374500,374500,768600
2020-12-09,375000,378000,373000,375000,375000,579905
2020-12-10,371000,378000,367500,370500,370500,818557
2020-12-11,374000,380000,373000,374500,374500,438405
2020-12-14,376500,381000,372500,373500,373500,480288
2020-12-15,373500,375500,369000,371000,371000,393157
2020-12-16,373500,375000,371000,372000,372000,269253
2020-12-17,374000,374000,368500,369000,369000,455131
2020-12-18,369000,369500,365500,367000,367000,427433
2020-12-21,367000,380000,367000,379500,379500,819879
2020-12-22,380000,389500,375500,376000,376000,876516
2020-12-23,381000,385500,377000,377500,377500,629952
2020-12-24,378500,380000,372000,374000,374000,465132
2020-12-28,374500,377000,369500,373000,373000,646464
2020-12-29,381000,385500,378000,384500,384500,857404
2020-12-30,384500,394000,383500,389500,389500,813142
2021-01-04,392000,396500,385500,396000,396000,853740
2021-01-05,393000,395500,387000,393000,393000,748559
2021-01-06,395000,410000,394500,395500,395500,1435715
2021-01-07,402000,403500,393000,402500,402500,775191
2021-01-08,413000,436000,404500,434000,434000,2466715
2021-01-11,441000,460000,438000,457500,457500,1045525
